-- 测试数据（自动生成）
-- 主题：旅游风景分享
-- 资源目录（相对于后端静态目录）:
--  /uploads/avatars/{id}.jpg
--  /uploads/articles/{id}.jpg
--  /uploads/article_txt/{id}.txt
--  说明：文章正文在 content 字段中写了简短描述并指向对应的文本文件位置，若需完整正文可手动从文件夹复制到 content 字段中。
SET
    NAMES utf8mb4;

-- ==========================
-- 用户 (10 个，头像来自 uploads/avatars)
-- ==========================
INSERT INTO
    `user` (
        username,
        password,
        nickname,
        email,
        user_pic,
        status
    )
VALUES
    (
        'tester',
        MD5('password'),
        '测试用户',
        'tester@example.com',
        '/uploads/avatars/1.jpg',
        1
    ),
    (
        'traveler1',
        MD5('password1'),
        '旅友1',
        'traveler1@example.com',
        '/uploads/avatars/1.jpg',
        1
    ),
    (
        'traveler2',
        MD5('password2'),
        '旅友2',
        'traveler2@example.com',
        '/uploads/avatars/2.jpg',
        1
    ),
    (
        'traveler3',
        MD5('password3'),
        '旅友3',
        'traveler3@example.com',
        '/uploads/avatars/3.jpg',
        1
    ),
    (
        'traveler4',
        MD5('password4'),
        '旅友4',
        'traveler4@example.com',
        '/uploads/avatars/4.jpg',
        1
    ),
    (
        'traveler5',
        MD5('password5'),
        '旅友5',
        'traveler5@example.com',
        '/uploads/avatars/5.jpg',
        1
    ),
    (
        'traveler6',
        MD5('password6'),
        '旅友6',
        'traveler6@example.com',
        '/uploads/avatars/6.jpg',
        1
    ),
    (
        'traveler7',
        MD5('password7'),
        '旅友7',
        'traveler7@example.com',
        '/uploads/avatars/7.jpg',
        1
    ),
    (
        'traveler8',
        MD5('password8'),
        '旅友8',
        'traveler8@example.com',
        '/uploads/avatars/8.jpg',
        1
    ),
    (
        'traveler9',
        MD5('password9'),
        '旅友9',
        'traveler9@example.com',
        '/uploads/avatars/9.jpg',
        1
    ),
    (
        'traveler10',
        MD5('password10'),
        '旅友10',
        'traveler10@example.com',
        '/uploads/avatars/10.jpg',
        1
    );

-- ==========================
-- 文章 (10 篇，封面来自 uploads/articles，正文文件位于 uploads/article_txt)
-- ==========================
INSERT INTO
    `article` (
        user_id,
        title,
        first_picture,
        description,
        content,
        views,
        like_count,
        is_deleted,
        create_time,
        update_time
    )
VALUES
    (
        1,
        '比起景德镇，我更爱这个上榜国家地理的小城',
        '/uploads/articles/1.jpg',
        '江西上饶，一个低调却充满魅力的旅游胜地，本文将为您带来详细的三天四晚行程路线和景点推荐。',
        '比起景德镇，我更爱这个上榜国家地理的小城\n低调的江西是我多次来过的城市，想必江西的美，大家都有目共睹。比起爆火的景德镇，我更喜欢上饶。上饶的很多地方都极具特色，值得花个几天时间慢慢回味。\n-\n【上饶三天四晚行程路线】\nDay1: 高铁到婺源站——婺女洲——住婺女洲\nDay3: 婺女洲——篁岭——住篁岭\nDay3: 篁岭——上饶站——望仙谷——住望仙谷\nDay4 望仙谷——葛仙村——上饶站回程\n-\n望仙谷\n这里有悬崖峭壁上的楼阁，一条蜿蜒的河道。民俗味满满的古街道，远远望去就像一个游戏里的仙侠世界，建议住一晚，黄昏时刻它的美才渐渐展现出来\n.\n葛仙村\n被群山围绕的神仙村落，白天可以游船喂鱼有千头锦鲤跟随，夜晚百盏花灯同亮，穿上古装穿梭在这里，有种恍如隔世的穿越感\n.\n篁岭\n被国家地理评为最美村落，这里生活气息是很浓厚的，随便一处都很好看！每个季节都不一样，秋天最美，黄昏时刻也最美很美！\n婺女洲\n在这里真的有一种梦回大唐盛世的感觉！令人惊叹的烟花表演，船只在桥下左右穿梭~大街小巷都热热闹闹，快乐的氛围会互相渲染\n-\n上饶每一个景点都很大。基本上都需要一天时间，望仙谷、婺女洲、篁岭都是黄昏时刻比较美，建议住一晚。切勿走马观花的一天去两个景点，这份四天三晚的攻略刚好轻松又能玩到精华的点。',
        320,
        12,
        0,
        NOW(),
        NOW()
    ),
    (
        2,
        '全球9大震撼景点推荐 - 一生必去的旅行清单',
        '/uploads/articles/2.jpg',
        '从西藏萨普神山到瑞士因特拉肯，从土耳其格雷梅小镇到新西兰蒂卡波湖，带你领略世界上最震撼的风景。',
        '1萨普神山-两年里去了三次,每次住在海拔4500m都睡不着,但它值得每一秒我向它投去的目光,「震撼」已经不能形容萨普\n2格雷梅小镇-身临其境真的会热泪盈眶,日出时分身边传来不同语言的“太浪漫”“好震撼”,我就知道没人会真的不为一千零一夜童话所动\n3卓木拉日-我的小众精神故乡,精神会无比安定,因为在近在鼻尖的庞大雪山面前,没有问题算得上“大”\n4恰西画卷-新疆的魔力在于就算知道它美,去了还是会被惊得说不出话,人们友好,晚霞可爱,微风正好\n5因特拉肯-在瑞士这个小城浪费了一下午,却觉得还是没有呆够,如果人们可以反复活在自己喜欢的时间里就好了\n6威尼斯-差点听信水城𫫇评的我十分汗颜,几乎是在下火车的一瞬间就被深深吸引,“水上的城飘摇的城”好像已经能概括它,但是神秘永远笼罩游人的视野\n7托斯卡纳-油画里的元素,这里满眼皆是,生活在这里真的会没有烦恼\n8格聂-去了很多次,确实第一次拍到日出后的格聂草原,人们都会轻视错过的事物,不一定没有它的意义\n9蒂卡波湖-新西兰的秋天在3月,海鸥都快飞走,但是都赏脸给我留下一段美好回忆~\n·\n今天依然是\n想打败钱包环游世界的谢里斯和李糕糕',
        210,
        8,
        0,
        NOW(),
        NOW()
    ),
    (
        3,
        '圣米歇尔山 - 潮汐中的金色城堡',
        '/uploads/articles/3.jpg',
        '法国诺曼底的潮汐岛，宫崎骏天空之城的原型，天主教第三大圣地，在这里感受时间与自然的奇妙对话。',
        '总有一天你会一个人来到这里\n把生命的三万分之一\n献给圣米歇尔的金色潮汐。\n\n如果可以 也留一些时间给\n海边散漫的羊群和草场\n清晨刹那间洒满的阳光\n影影绰绰的雾气\n超长的影子\n真实可爱的你自己\n—————————\n圣米歇尔山位于法国诺曼底，是一座潮汐岛——潮水上涨时像浮在海上的城堡，潮水退去又与陆地相连。整座小岛上最标志性的建筑是圣米歇尔修道院，建于约公元8世纪，是天主教的第三大圣地。是“宫崎骏天空之城”和“迪士尼城堡”参考原型之一。',
        180,
        6,
        0,
        NOW(),
        NOW()
    ),
    (
        4,
        '九寨沟 - 上帝打翻的调色盘',
        '/uploads/articles/4.jpg',
        '现实版的童话世界，湖水如宝石般多彩，珍珠滩瀑布令人震撼，长海云雾缭绕，小海子清澈见底。',
        '九寨沟｜终于懂了什么叫“上帝打翻的调色盘\n谁能想到，亲眼看见九寨沟的水时，我连“好看”两个字都说不完整——这哪是自然风景，分明是现实版的童话世界！\n作为跑遍大半个中国的旅游博主，负责任说：九寨沟的美，照片根本拍不出来！早上9点进沟，第一站五花海就把我惊艳到失语，湖水像被揉碎的蓝宝石、翡翠和琥珀，阳光一照还会随角度变颜色，站在观景台看了10分钟都没舍得走✨ 沿着栈道往下走，珍珠滩瀑布更绝，水流撞在钙化滩上溅起千万颗“珍珠”，耳边全是哗哗水声，连风里都带着凉丝丝的水汽，夏天来这儿简直是天然空调！\n下午去长海时赶上了多云天气，湖面像铺了层薄雾，远处的雪山若隐若现，随手拍都是电影感大片。最惊喜的是藏在栈道旁的小海子，水浅到能看清水底的枯木，阳光穿透水面，连树干上的纹路都泛着光，比网红打卡点更有趣！',
        430,
        20,
        0,
        NOW(),
        NOW()
    ),
    (
        5,
        '英国白崖 - 国庆万里晴空下的惊艳',
        '/uploads/articles/5.jpg',
        '敦刻尔克电影中的经典场景，英国人心中的“家”，众多影视剧和MV的取景地，万里晴空下的白崖美不胜收。',
        '惊艳！交换去年国庆万里晴空🌞下的白崖\n白崖几乎是大家到英国必去不可的地方了，在电影《敦刻尔克》中，有一句台词：“看到了白崖，便看到了家”。白崖在英国人心中“家”一般的存在。\n很多影视剧也在这里取景，除了《赎罪》、《冲上云霄》，以及周杰伦的《怎么了》MV，《哈利波特》也在白崖取景过。\n\n但是天气对于这里的出片有着很大的影响。非常幸运的是去年国庆，遇到了万里晴空，也让我见到了几乎完美的白崖～',
        150,
        4,
        0,
        NOW(),
        NOW()
    ),
    (
        6,
        '贵州兴义万峰林 - 直达宫崎骏的漫画世界',
        '/uploads/articles/6.jpg',
        '被国家地理评为最美山峰，喀斯特峰林与稻田交相辉映，人少景美玩法多，随手一拍就是动漫场景。',
        '贵州兴义万峰林｜直达宫崎骏的漫画世界\n被这片喀斯特峰林和稻田治愈[种草R]\n国家地理评为最美山峰⛰️\n人少、景美，玩法超级多[派对R] 租个小电驴穿梭在峰林稻田间、随手一拍就是动漫场景🎬',
        290,
        10,
        0,
        NOW(),
        NOW()
    ),
    (
        7,
        '冬日哈尔施塔特 - 被冻结的水墨画卷',
        '/uploads/articles/7.jpg',
        '奥地利的童话小镇，冬日的湖水如翡翠般深邃，天鹅在湖面游弋，雪山环抱下的小镇宁静而美丽。',
        '有些地方去一次就忘不掉🦢看凉快的图片降温\n冬日的哈尔施塔特，\n仿佛一幅被精心冻结的水墨画卷🏔️。\n\n湖水凝成了一块巨大、深邃的翡翠，\n它吸纳了天空的灰蓝与雪峰的冷白，\n呈现出一种近乎神秘的冰蓝色调，\n倒映着整个世界🌎。\n\n天鹅🦢如同从童话中游弋而来，\n纯白的羽毛在雪岸和冷冽湖水的映衬下，\n像散落在湖面的珍珠✨。\n\n天地间只剩下这纯净的蓝、\n无瑕的白与沉默的灰黑，\n时间仿佛也被这湖光山色冻住，\n只余下天鹅划过水面时那悠长、空灵的声响，\n在雪山环抱的寂静里轻轻回荡。\n\n🌈ps：\n冬日的哈尔施塔特比夏日更宁静，\n一定要晚上在此住一晚，\n感受这里纯净、空灵、略带疏离却又充满诗意和生命力的独特美感。',
        170,
        5,
        0,
        NOW(),
        NOW()
    ),
    (
        8,
        '新疆治愈之旅 - 寻找内心的宁静与自由',
        '/uploads/articles/8.jpg',
        '从云南到新疆，4000公里的奔波旅程，只为寻找那片充满磅礴生命力的净土，感受雪山、森林、花海和草原带来的治愈力量。',
        '新疆治愈我的精神世界\n4月辞职的时候在云南旅行，偶然在小红书刷到一篇高赞的新疆雪山摄影图片，毅然决然，踏上了4000多公里的奔波旅程到达新疆，这里简直是结合了川西和云南的美，美到失语，美到让本牛马落泪[哭惹R]，新疆是我多年的梦。这里有美丽的雪山，也有大片的森林，漫山遍野的花海，纯净的湖泊 ，成群的牛羊，甚至是牧民的房子都让我感受到了自由的美好，磅礴的生命力，躺在巨大的草坪上，感受到了从未有过的宁静。新疆不是小瑞士，它是祖国的新疆，这里的风景是我在梦里，都没有梦到过的童话世界。就像李娟老师笔下的新疆自然，并非荒凉贫瘠，而是充满磅礴生命力。她写阿勒泰的夏牧场：“天空蓝得像是要滴下水来”，云朵“胖乎乎地停在山尖”；写戈壁的星空：“繁星低垂，仿佛伸手便可掷下一把”；写冬日的雪原：“天地间只剩下白和更白的白”。这些描写洗尽铅华，却让新疆的山川、草原、沙漠在读者眼前恢宏展开，仿佛能呼吸到那里清冽的空气，感受到阳光穿透云层的温度。镜头拍不下新疆的辽阔与美好，希望更多的人们了解新疆，身体力行，用眼睛的感官去记忆新疆的惊艳',
        240,
        9,
        0,
        NOW(),
        NOW()
    ),
    (
        9,
        '冬季阿勒泰 - 属于女孩们的旅拍小团',
        '/uploads/articles/9.jpg',
        '在阿勒泰的冰雪之境，为每位“女主角”捕捉真实流淌的情绪，记录禾木晨雾、喀纳斯蓝冰、雪原骑马等美好瞬间。',
        '冬季阿勒泰｜属于女孩们的旅拍小团🎬\n对我而言，每一次快门\n都是为一段独一无二的人生故事定格扉页\n这个冬天，在阿勒泰的冰雪之境\n我很荣幸地，为许多位“女主角”掌镜📷\n\n我所追求的，从不是完美的姿态\n而是那一刻，真实流淌的情绪\n▪️ 是禾木的晨雾中，你听见呼唤的蓦然回首\n▪️ 是喀纳斯的蓝冰前，你指尖触碰万年冰川的专注\n▪️ 是雪原骑马时，风拂过发丝，你扬起的嘴角\n▪️ 是木屋窗边，你捧着热茶望向远方的侧影',
        130,
        3,
        0,
        NOW(),
        NOW()
    ),
    (
        10,
        '黔阳古城 - 比凤凰早900年的隐世秘境',
        '/uploads/articles/10.jpg',
        '湖南怀化的小众古城，比凤凰古城早900年，淳朴自然原汁原味，小巷烟火人间，江边夕阳晚霞，令人流连忘返。',
        '比凤凰早900年，却低调了千年的隐世秘境\n自从上次去过以后发了朋友圈\n真的被问爆了\n这个藏在湖南怀化的小众古城——黔阳古城\n简直是宝藏中的宝藏！🎁\n淳朴自然\n原汁原味\n希望她火又希望别太火\n喜欢漫步在小巷\n看烟火人间\n喜欢漫步在江边\n看夕阳晚霞',
        205,
        7,
        0,
        NOW(),
        NOW()
    );

-- ==========================
-- 部分文章点赞与收藏（示例）
-- ==========================
INSERT INTO
    `article_like` (article_id, user_id)
VALUES
    (1, 2),
    (1, 3),
    (1, 4),
    (4, 1),
    (4, 2),
    (4, 5),
    (6, 3),
    (6, 7),
    (8, 2),
    (8, 6);

INSERT INTO
    `article_favorite` (article_id, user_id)
VALUES
    (1, 5),
    (2, 3),
    (4, 1),
    (6, 8);

-- 更新文章统计（like_count 根据实际表数据计算）
UPDATE
    `article`
SET
    like_count = (
        SELECT
            COUNT(*)
        FROM
            article_like
        WHERE
            article_like.article_id = article.id
    );

-- ==========================
-- 可选：视频与帖子使用 uploads/videos，如果需要可以在此处追加初始化
-- ==========================
-- ==========================
-- 视频（10 条，来自 /uploads/videos）
-- ==========================
INSERT INTO
    `video` (
        user_id,
        title,
        url,
        cover,
        description,
        create_time,
        update_time
    )
VALUES
    (
        1,
        '水乡暮色 - 游船与灯笼',
        '/uploads/videos/1.mp4',
        '/uploads/videos/1.png',
        '水乡暮色里，游船划过波光，沿岸灯笼暖光摇曳，尽显江南夜韵。',
        NOW(),
        NOW()
    ),
    (
        2,
        '雪山之巅 - 澄澈与云絮',
        '/uploads/videos/2.mp4',
        '/uploads/videos/2.png',
        '澄澈蓝天衬着巍峨雪山，云絮轻绕峰峦，尽显高原壮阔澄澈。',
        NOW(),
        NOW()
    ),
    (
        3,
        '岸边暮色 - 长草与静谧',
        '/uploads/videos/3.mp4',
        '/uploads/videos/3.png',
        '夕阳铺染的岸边长草轻晃，水色与暮色交融，氛围静谧悠然。',
        NOW(),
        NOW()
    ),
    (
        4,
        '古长城的云雾',
        '/uploads/videos/4.mp4',
        '/uploads/videos/4.png',
        '云雾漫卷间，古长城盘踞山峦，若隐若现，尽显雄关朦胧壮阔。',
        NOW(),
        NOW()
    ),
    (
        5,
        '田野晚霞 - 流云与麦浪',
        '/uploads/videos/5.mp4',
        '/uploads/videos/5.png',
        '晚霞裹着落日沉向田野，流云与麦浪共绘温柔的黄昏图景。',
        NOW(),
        NOW()
    ),
    (
        6,
        '秋日村落 - 白墙黛瓦与柿子',
        '/uploads/videos/6.mp4',
        '/uploads/videos/6.png',
        '白墙黛瓦旁，橙红柿子挂满枝桠，衬出烟火气里的秋日清甜。',
        NOW(),
        NOW()
    ),
    (
        7,
        '山间瀑布 - 清冽水花',
        '/uploads/videos/7.mp4',
        '/uploads/videos/7.png',
        '山间瀑布溅起清冽水花，旁侧繁花簇簇，绘就清新灵动的自然画卷。',
        NOW(),
        NOW()
    ),
    (
        8,
        '海滨黄昏 - 归鸟掠过',
        '/uploads/videos/8.mp4',
        '/uploads/videos/8.png',
        '落日熔金，海面铺展橘色光带，归鸟掠过，晕染静谧海滨黄昏。',
        NOW(),
        NOW()
    ),
    (
        9,
        '彩林雪山 - 斑斓山间',
        '/uploads/videos/9.mp4',
        '/uploads/videos/9.png',
        '雪山为衬，彩林覆坡，云雾轻笼山谷，织就斑斓澄澈的山间盛景。',
        NOW(),
        NOW()
    ),
    (
        10,
        '林间湖镜 - 清冽水色',
        '/uploads/videos/10.mp4',
        '/uploads/videos/10.png',
        '澄澈湖面如镜，映着林影与天光，尽显清冽静谧的林间水色。',
        NOW(),
        NOW()
    );

-- 随机统计数据（浏览量与点赞数示例）
UPDATE
    `video`
SET
    views = 420,
    like_count = 18
WHERE
    id = 1;

UPDATE
    `video`
SET
    views = 380,
    like_count = 15
WHERE
    id = 2;

UPDATE
    `video`
SET
    views = 220,
    like_count = 9
WHERE
    id = 3;

UPDATE
    `video`
SET
    views = 305,
    like_count = 12
WHERE
    id = 4;

UPDATE
    `video`
SET
    views = 175,
    like_count = 6
WHERE
    id = 5;

UPDATE
    `video`
SET
    views = 240,
    like_count = 8
WHERE
    id = 6;

UPDATE
    `video`
SET
    views = 360,
    like_count = 14
WHERE
    id = 7;

UPDATE
    `video`
SET
    views = 410,
    like_count = 17
WHERE
    id = 8;

UPDATE
    `video`
SET
    views = 195,
    like_count = 7
WHERE
    id = 9;

UPDATE
    `video`
SET
    views = 225,
    like_count = 10
WHERE
    id = 10;

-- ==========================
-- 视频点赞（与前面的视频相关）
-- ==========================
INSERT INTO
    `video_like` (video_id, user_id)
VALUES
    -- 视频1的点赞
    (1, 2),
    (1, 3),
    (1, 4),
    (1, 5),
    (1, 6),
    (1, 7),
    -- 视频2的点赞
    (2, 1),
    (2, 3),
    (2, 5),
    (2, 8),
    -- 视频3的点赞
    (3, 1),
    (3, 2),
    (3, 4),
    -- 视频4的点赞
    (4, 1),
    (4, 6),
    (4, 9),
    (4, 10),
    -- 视频5的点赞
    (5, 2),
    (5, 3),
    (5, 7),
    (5, 8),
    -- 视频6的点赞
    (6, 1),
    (6, 4),
    (6, 5),
    (6, 9),
    -- 视频7的点赞
    (7, 2),
    (7, 5),
    (7, 7),
    (7, 10),
    -- 视频8的点赞
    (8, 1),
    (8, 3),
    (8, 6),
    (8, 8),
    (8, 9),
    -- 视频9的点赞
    (9, 2),
    (9, 4),
    (9, 7),
    (9, 10),
    -- 视频10的点赞
    (10, 1),
    (10, 3),
    (10, 5),
    (10, 8);

-- ==========================
-- 视频收藏（与前面的视频相关）
-- ==========================
INSERT INTO
    `video_favorite` (video_id, user_id)
VALUES
    -- 视频1的收藏
    (1, 3),
    (1, 5),
    (1, 7),
    (1, 9),
    -- 视频2的收藏
    (2, 1),
    (2, 4),
    (2, 6),
    -- 视频3的收藏
    (3, 2),
    (3, 5),
    (3, 8),
    -- 视频4的收藏
    (4, 1),
    (4, 3),
    (4, 7),
    (4, 10),
    -- 视频5的收藏
    (5, 2),
    (5, 6),
    (5, 9),
    -- 视频6的收藏
    (6, 1),
    (6, 4),
    (6, 8),
    -- 视频7的收藏
    (7, 2),
    (7, 5),
    (7, 7),
    -- 视频8的收藏
    (8, 3),
    (8, 6),
    (8, 9),
    (8, 10),
    -- 视频9的收藏
    (9, 1),
    (9, 4),
    (9, 8),
    -- 视频10的收藏
    (10, 2),
    (10, 5),
    (10, 7);

-- ==========================
-- 更新视频统计（like_count 根据实际表数据计算）
-- ==========================
UPDATE
    `video`
SET
    like_count = (
        SELECT
            COUNT(*)
        FROM
            video_like
        WHERE
            video_like.video_id = video.id
    );

-- 脚本结束
COMMIT;

-- ==========================
-- 管理员 (11 个)
-- ==========================
INSERT INTO
    `admin`(
        id,
        username,
        password,
        nickname,
        email,
        admin_pic,
        status
    )
VALUES
    (
        1,
        'admin',
        MD5('admin123'),
        '管理员',
        'admin@example.com',
        'https://via.placeholder.com/150',
        1
    ),
    (
        2,
        'admin1',
        MD5('admin123'),
        '管理员1',
        'admin1@example.com',
        'https://via.placeholder.com/150',
        1
    ),
    (
        3,
        'admin2',
        MD5('admin123'),
        '管理员2',
        'admin2@example.com',
        'https://via.placeholder.com/150',
        1
    ),
    (
        4,
        'admin3',
        MD5('admin123'),
        '管理员3',
        'admin3@example.com',
        'https://via.placeholder.com/150',
        1
    ),
    (
        5,
        'admin4',
        MD5('admin123'),
        '管理员4',
        'admin4@example.com',
        'https://via.placeholder.com/150',
        1
    ),
    (
        6,
        'admin5',
        MD5('admin123'),
        '管理员5',
        'admin5@example.com',
        'https://via.placeholder.com/150',
        1
    ),
    (
        7,
        'admin6',
        MD5('admin123'),
        '管理员6',
        'admin6@example.com',
        'https://via.placeholder.com/150',
        1
    ),
    (
        8,
        'admin7',
        MD5('admin123'),
        '管理员7',
        'admin7@example.com',
        'https://via.placeholder.com/150',
        1
    ),
    (
        9,
        'admin8',
        MD5('admin123'),
        '管理员8',
        'admin8@example.com',
        'https://via.placeholder.com/150',
        1
    ),
    (
        10,
        'admin9',
        MD5('admin123'),
        '管理员9',
        'admin9@example.com',
        'https://via.placeholder.com/150',
        1
    ),
    (
        11,
        'admin10',
        MD5('admin123'),
        '管理员10',
        'admin10@example.com',
        'https://via.placeholder.com/150',
        1
    );

-- ==========================
-- 帖子（10 条，与旅游风光主题相关）
-- ==========================
INSERT INTO
    `post` (
        user_id,
        title,
        content,
        views,
        like_count,
        reply_count,
        is_deleted,
        create_time,
        update_time
    )
VALUES
    (
        1,
        '春季赏花攻略 - 樱花与油菜花的最佳观赏时间',
        '春天是赏花的最佳季节，从南到北的樱花和油菜花田都美不胜收。这里分享一些赏花路线和拍摄技巧。',
        0,
        0,
        0,
        0,
        NOW(),
        NOW()
    ),
    (
        2,
        '夏季海边度假 - 精选海滨城市推荐',
        '夏天到了，海边度假成为许多人的首选。推荐几个适合夏日度假的海滨城市，有清澈海水和细腻沙滩。',
        0,
        0,
        0,
        0,
        NOW(),
        NOW()
    ),
    (
        3,
        '秋季登山徒步 - 国内最美红叶观赏地',
        '秋天是登山的好时节，天气凉爽，山间红叶满山。推荐几个国内最美的红叶观赏地，适合周末短途旅行。',
        0,
        0,
        0,
        0,
        NOW(),
        NOW()
    ),
    (
        4,
        '冬季滑雪胜地 - 南北滑雪场对比',
        '冬天滑雪是很好的运动方式，分享几个国内热门滑雪场的体验，包括设施、价格、交通等信息。',
        0,
        0,
        0,
        0,
        NOW(),
        NOW()
    ),
    (
        5,
        '古镇游记 - 江南水乡的慢生活体验',
        '在江南水乡度过一个周末，体验慢生活，感受古老文化。分享一些古镇游览的注意事项和拍照点。',
        0,
        0,
        0,
        0,
        NOW(),
        NOW()
    ),
    (
        6,
        '自驾游攻略 - 川藏线318沿线风光',
        '分享川藏线自驾的经验和注意事项，以及沿途最美的风景点和住宿推荐。',
        0,
        0,
        0,
        0,
        NOW(),
        NOW()
    ),
    (
        7,
        '国外旅行 - 东南亚海岛度假体验',
        '最近去了东南亚几个热门海岛，对比一下各个岛屿的特色，分享住宿和玩乐体验。',
        0,
        0,
        0,
        0,
        NOW(),
        NOW()
    ),
    (
        8,
        '摄影技巧 - 风光摄影的构图与用光',
        '分享一些风光摄影的技巧，包括构图、用光、后期处理等，适合摄影爱好者参考。',
        0,
        0,
        0,
        0,
        NOW(),
        NOW()
    ),
    (
        9,
        '背包客之旅 - 西南地区穷游攻略',
        '用最低的预算完成西南地区的旅行，分享交通、住宿、餐饮省钱小技巧。',
        0,
        0,
        0,
        0,
        NOW(),
        NOW()
    ),
    (
        10,
        '美食之旅 - 地道地方小吃探索',
        '旅行中不可缺少的是美食体验，分享各地最具特色的小吃和餐厅推荐。',
        0,
        0,
        0,
        0,
        NOW(),
        NOW()
    );

-- ==========================
-- 部分帖子点赞（示例）
-- ==========================
INSERT INTO
    `post_like` (post_id, user_id)
VALUES
    -- 帖子1的点赞
    (1, 2),
    (1, 3),
    (1, 4),
    (1, 5),
    (1, 6),
    -- 帖子2的点赞
    (2, 1),
    (2, 3),
    (2, 7),
    -- 帖子3的点赞
    (3, 1),
    (3, 2),
    (3, 4),
    (3, 8),
    -- 帖子4的点赞
    (4, 1),
    (4, 5),
    (4, 9),
    -- 帖子5的点赞
    (5, 2),
    (5, 6),
    (5, 7),
    (5, 10),
    -- 帖子6的点赞
    (6, 1),
    (6, 3),
    (6, 5),
    (6, 8),
    -- 帖子7的点赞
    (7, 2),
    (7, 4),
    (7, 6),
    -- 帖子8的点赞
    (8, 1),
    (8, 3),
    (8, 5),
    (8, 7),
    (8, 9),
    -- 帖子9的点赞
    (9, 2),
    (9, 4),
    (9, 6),
    (9, 8),
    -- 帖子10的点赞
    (10, 1),
    (10, 3),
    (10, 5),
    (10, 7),
    (10, 9);

-- ==========================
-- 部分帖子收藏（示例）
-- ==========================
INSERT INTO
    `post_favorite` (post_id, user_id)
VALUES
    -- 帖子1的收藏
    (1, 2),
    (1, 5),
    (1, 8),
    -- 帖子2的收藏
    (2, 1),
    (2, 4),
    -- 帖子3的收藏
    (3, 2),
    (3, 6),
    (3, 9),
    -- 帖子4的收藏
    (4, 1),
    (4, 5),
    (4, 7),
    -- 帖子5的收藏
    (5, 3),
    (5, 6),
    (5, 8),
    (5, 10),
    -- 帖子6的收藏
    (6, 2),
    (6, 4),
    (6, 7),
    -- 帖子7的收藏
    (7, 1),
    (7, 5),
    (7, 9),
    -- 帖子8的收藏
    (8, 3),
    (8, 6),
    (8, 8),
    -- 帖子9的收藏
    (9, 2),
    (9, 4),
    (9, 7),
    -- 帖子10的收藏
    (10, 1),
    (10, 5),
    (10, 8),
    (10, 9);

-- 更新帖子统计（like_count 与 reply_count 需要更新，但不包含不存在的favorite_count）
UPDATE
    `post`
SET
    like_count = (
        SELECT
            COUNT(*)
        FROM
            post_like
        WHERE
            post_like.post_id = post.id
    );